Name,Email Address,Phone Number
Jackson Scott,jackson.scott28@data-ml.org,(555) 987-0123
Grace Rogers,grace.rogers17@data-ml.org,(555) 321-4567
Lucas Cook,lucas.cook06@data-ml.org,(555) 654-7890
Lily Clark,lily.clark95@data-ml.org,(555) 789-3210
Aiden Torres,aiden.torres83@data-ml.org,(555) 123-6540
Zoe Flores,zoe.flores72@data-ml.org,(555) 456-9870
Gabriel Hill,gabriel.hill61@data-ml.org,(555) 890-3456
Aria Rivera,aria.rivera50@data-ml.org,(555) 234-7654
Elijah Cooper,elijah.cooper41@data-ml.org,(555) 567-0123
Hannah Evans,hannah.evans30@data-ml.org,(555) 901-4321
Samuel Reed,samuel.reed29@data-ml.org,(555) 012-7890
Scarlett Morgan,scarlett.morgan18@data-ml.org,(555) 345-0987
Leo Morris,leo.morris07@data-ml.org,(555) 678-3210
Victoria Wood,victoria.wood96@data-ml.org,(555) 901-6543
Asher Murphy,asher.murphy85@data-ml.org,(555) 123-9876
Luna Bailey,luna.bailey74@data-ml.org,(555) 456-1098
Caleb Hughes,caleb.hughes63@data-ml.org,(555) 789-4321
Stella Ross,stella.ross52@data-ml.org,(555) 012-6789
Ryan Sanders,ryan.sanders40@data-ml.org,(555) 345-9012
Hazel Price,hazel.price39@data-ml.org,(555) 678-2345
Nathan Foster,nathan.foster27@data-ml.org,(555) 901-5678
Madison Jenkins,madison.jenkins16@data-ml.org,(555) 234-8901
Jayden Perry,jayden.perry05@data-ml.org,(555) 567-1234
Aurora Russell,aurora.russell94@data-ml.org,(555) 890-4567
Wyatt Brooks,wyatt.brooks82@data-ml.org,(555) 109-8765